sql_limit,varied,weight,archetype,score
10000,energy,0.000000,dataThroughTtp-cached,0.874701
10000,energy,0.000000,computeToData-cached,0.823002
10000,energy,0.000000,computeToData-compressed,0.210516
10000,energy,0.000000,computeToData,0.204564
10000,energy,0.000000,dataThroughTtp-compressed,0.178666
10000,energy,0.000000,dataThroughTtp,0.176998
10000,energy,0.050000,dataThroughTtp-cached,0.875573
10000,energy,0.050000,computeToData-cached,0.824205
10000,energy,0.050000,computeToData-compressed,0.209435
10000,energy,0.050000,computeToData,0.203435
10000,energy,0.050000,dataThroughTtp-compressed,0.177429
10000,energy,0.050000,dataThroughTtp,0.175813
10000,energy,0.100000,dataThroughTtp-cached,0.878446
10000,energy,0.100000,computeToData-cached,0.828171
10000,energy,0.100000,computeToData-compressed,0.205907
10000,energy,0.100000,computeToData,0.199749
10000,energy,0.100000,dataThroughTtp-compressed,0.173355
10000,energy,0.100000,dataThroughTtp,0.171907
10000,energy,0.150000,dataThroughTtp-cached,0.883523
10000,energy,0.150000,computeToData-cached,0.835189
10000,energy,0.150000,computeToData-compressed,0.199800
10000,energy,0.150000,computeToData,0.193360
10000,energy,0.150000,dataThroughTtp-compressed,0.166160
10000,energy,0.150000,dataThroughTtp,0.164984
10000,energy,0.200000,dataThroughTtp-cached,0.890681
10000,energy,0.200000,computeToData-cached,0.845106
10000,energy,0.200000,computeToData-compressed,0.191471
10000,energy,0.200000,computeToData,0.184629
10000,energy,0.200000,dataThroughTtp-compressed,0.156020
10000,energy,0.200000,dataThroughTtp,0.155184
10000,energy,0.250000,dataThroughTtp-cached,0.899466
10000,energy,0.250000,computeToData-cached,0.857321
10000,energy,0.250000,computeToData-compressed,0.181706
10000,energy,0.250000,computeToData,0.174361
10000,energy,0.250000,dataThroughTtp-compressed,0.143570
10000,energy,0.250000,dataThroughTtp,0.143085
10000,energy,0.300000,dataThroughTtp-cached,0.909233
10000,energy,0.300000,computeToData-cached,0.870970
10000,energy,0.300000,computeToData-compressed,0.171477
10000,energy,0.300000,computeToData,0.163555
10000,energy,0.300000,dataThroughTtp-compressed,0.129704
10000,energy,0.300000,dataThroughTtp,0.129534
10000,energy,0.350000,dataThroughTtp-cached,0.919325
10000,energy,0.350000,computeToData-cached,0.885167
10000,energy,0.350000,computeToData-compressed,0.161653
10000,energy,0.350000,computeToData,0.153114
10000,energy,0.350000,dataThroughTtp,0.115410
10000,energy,0.350000,dataThroughTtp-compressed,0.115328
10000,energy,0.400000,dataThroughTtp-cached,0.929213
10000,energy,0.400000,computeToData-cached,0.899190
10000,energy,0.400000,computeToData-compressed,0.152836
10000,energy,0.400000,computeToData,0.143673
10000,energy,0.400000,dataThroughTtp,0.101435
10000,energy,0.400000,dataThroughTtp-compressed,0.101166
10000,energy,0.450000,dataThroughTtp-cached,0.938542
10000,energy,0.450000,computeToData-cached,0.912549
10000,energy,0.450000,computeToData-compressed,0.145326
10000,energy,0.450000,computeToData,0.135569
10000,energy,0.450000,dataThroughTtp,0.088107
10000,energy,0.450000,dataThroughTtp-compressed,0.087704
10000,energy,0.500000,dataThroughTtp-cached,0.947115
10000,energy,0.500000,computeToData-cached,0.924971
10000,energy,0.500000,computeToData-compressed,0.139186
10000,energy,0.500000,computeToData,0.128890
10000,energy,0.500000,dataThroughTtp,0.075709
10000,energy,0.500000,dataThroughTtp-compressed,0.075209
10000,energy,0.550000,dataThroughTtp-cached,0.954854
10000,energy,0.550000,computeToData-cached,0.936343
10000,energy,0.550000,computeToData-compressed,0.134329
10000,energy,0.550000,computeToData,0.123566
10000,energy,0.550000,dataThroughTtp,0.064362
10000,energy,0.550000,dataThroughTtp-compressed,0.063786
10000,energy,0.600000,dataThroughTtp-cached,0.961748
10000,energy,0.600000,computeToData-cached,0.946657
10000,energy,0.600000,computeToData-compressed,0.130589
10000,energy,0.600000,computeToData,0.119438
10000,energy,0.600000,dataThroughTtp,0.054086
10000,energy,0.600000,dataThroughTtp-compressed,0.053437
10000,energy,0.650000,dataThroughTtp-cached,0.967823
10000,energy,0.650000,computeToData-cached,0.955963
10000,energy,0.650000,computeToData-compressed,0.127777
10000,energy,0.650000,computeToData,0.116316
10000,energy,0.650000,dataThroughTtp,0.044838
10000,energy,0.650000,dataThroughTtp-compressed,0.044105
10000,energy,0.700000,dataThroughTtp-cached,0.973112
10000,energy,0.700000,computeToData-cached,0.964342
10000,energy,0.700000,computeToData-compressed,0.125712
10000,energy,0.700000,computeToData,0.114012
10000,energy,0.700000,dataThroughTtp,0.036553
10000,energy,0.700000,dataThroughTtp-compressed,0.035708
10000,energy,0.750000,dataThroughTtp-cached,0.977643
10000,energy,0.750000,computeToData-cached,0.971884
10000,energy,0.750000,computeToData-compressed,0.124234
10000,energy,0.750000,computeToData,0.112358
10000,energy,0.750000,dataThroughTtp,0.029161
10000,energy,0.750000,dataThroughTtp-compressed,0.028152
10000,energy,0.800000,dataThroughTtp-cached,0.981416
10000,energy,0.800000,computeToData-cached,0.978681
10000,energy,0.800000,computeToData-compressed,0.123212
10000,energy,0.800000,computeToData,0.111210
10000,energy,0.800000,dataThroughTtp,0.022609
10000,energy,0.800000,dataThroughTtp-compressed,0.021345
10000,energy,0.850000,computeToData-cached,0.984818
10000,energy,0.850000,dataThroughTtp-cached,0.984402
10000,energy,0.850000,computeToData-compressed,0.122538
10000,energy,0.850000,computeToData,0.110452
10000,energy,0.850000,dataThroughTtp,0.016888
10000,energy,0.850000,dataThroughTtp-compressed,0.015200
10000,energy,0.900000,computeToData-cached,0.990372
10000,energy,0.900000,dataThroughTtp-cached,0.986543
10000,energy,0.900000,computeToData-compressed,0.122128
10000,energy,0.900000,computeToData,0.109990
10000,energy,0.900000,dataThroughTtp,0.012099
10000,energy,0.900000,dataThroughTtp-compressed,0.009639
10000,energy,0.950000,computeToData-cached,0.995413
10000,energy,0.950000,dataThroughTtp-cached,0.987789
10000,energy,0.950000,computeToData-compressed,0.121917
10000,energy,0.950000,computeToData,0.109753
10000,energy,0.950000,dataThroughTtp,0.008627
10000,energy,0.950000,dataThroughTtp-compressed,0.004593
10000,energy,1.000000,computeToData-cached,1.000000
10000,energy,1.000000,dataThroughTtp-cached,0.988176
10000,energy,1.000000,computeToData-compressed,0.121856
10000,energy,1.000000,computeToData,0.109684
10000,energy,1.000000,dataThroughTtp,0.007308
10000,energy,1.000000,dataThroughTtp-compressed,0.000000
10000,latency,0.000000,dataThroughTtp-cached,0.853460
10000,latency,0.000000,computeToData-cached,0.794401
10000,latency,0.000000,dataThroughTtp,0.206827
10000,latency,0.000000,dataThroughTtp-compressed,0.205599
10000,latency,0.000000,computeToData-compressed,0.188836
10000,latency,0.000000,computeToData,0.182099
10000,latency,0.050000,dataThroughTtp-cached,0.855542
10000,latency,0.050000,computeToData-cached,0.797224
10000,latency,0.050000,dataThroughTtp,0.203952
10000,latency,0.050000,dataThroughTtp-compressed,0.202838
10000,latency,0.050000,computeToData-compressed,0.188470
10000,latency,0.050000,computeToData,0.181705
10000,latency,0.100000,dataThroughTtp-cached,0.862075
10000,latency,0.100000,computeToData-cached,0.806095
10000,latency,0.100000,dataThroughTtp,0.194927
10000,latency,0.100000,dataThroughTtp-compressed,0.194146
10000,latency,0.100000,computeToData-compressed,0.187346
10000,latency,0.100000,computeToData,0.180490
10000,latency,0.150000,dataThroughTtp-cached,0.872575
10000,latency,0.150000,computeToData-cached,0.820394
10000,latency,0.150000,computeToData-compressed,0.185617
10000,latency,0.150000,dataThroughTtp,0.180413
10000,latency,0.150000,dataThroughTtp-compressed,0.180090
10000,latency,0.150000,computeToData,0.178618
10000,latency,0.200000,dataThroughTtp-cached,0.885593
10000,latency,0.200000,computeToData-cached,0.838209
10000,latency,0.200000,computeToData-compressed,0.183624
10000,latency,0.200000,computeToData,0.176453
10000,latency,0.200000,dataThroughTtp-compressed,0.162507
10000,latency,0.200000,dataThroughTtp,0.162380
10000,latency,0.250000,dataThroughTtp-cached,0.899466
10000,latency,0.250000,computeToData-cached,0.857321
10000,latency,0.250000,computeToData-compressed,0.181706
10000,latency,0.250000,computeToData,0.174361
10000,latency,0.250000,dataThroughTtp-compressed,0.143570
10000,latency,0.250000,dataThroughTtp,0.143085
10000,latency,0.300000,dataThroughTtp-cached,0.912932
10000,latency,0.300000,computeToData-cached,0.876029
10000,latency,0.300000,computeToData-compressed,0.180067
10000,latency,0.300000,computeToData,0.172567
10000,latency,0.300000,dataThroughTtp-compressed,0.124975
10000,latency,0.300000,dataThroughTtp,0.124243
10000,latency,0.350000,dataThroughTtp-cached,0.925292
10000,latency,0.350000,computeToData-cached,0.893365
10000,latency,0.350000,computeToData-compressed,0.178767
10000,latency,0.350000,computeToData,0.171140
10000,latency,0.350000,dataThroughTtp-compressed,0.107709
10000,latency,0.350000,dataThroughTtp,0.106815
10000,latency,0.400000,dataThroughTtp-cached,0.936281
10000,latency,0.400000,computeToData-cached,0.908939
10000,latency,0.400000,computeToData-compressed,0.177782
10000,latency,0.400000,computeToData,0.170056
10000,latency,0.400000,dataThroughTtp-compressed,0.092182
10000,latency,0.400000,dataThroughTtp,0.091181
10000,latency,0.450000,dataThroughTtp-cached,0.945887
10000,latency,0.450000,computeToData-cached,0.922707
10000,latency,0.450000,computeToData-compressed,0.177055
10000,latency,0.450000,computeToData,0.169255
10000,latency,0.450000,dataThroughTtp-compressed,0.078460
10000,latency,0.450000,dataThroughTtp,0.077374
10000,latency,0.500000,dataThroughTtp-cached,0.954213
10000,latency,0.500000,computeToData-cached,0.934793
10000,latency,0.500000,computeToData-compressed,0.176526
10000,latency,0.500000,computeToData,0.168672
10000,latency,0.500000,dataThroughTtp-compressed,0.066434
10000,latency,0.500000,dataThroughTtp,0.065262
10000,latency,0.550000,dataThroughTtp-cached,0.961403
10000,latency,0.550000,computeToData-cached,0.945384
10000,latency,0.550000,computeToData-compressed,0.176145
10000,latency,0.550000,computeToData,0.168251
10000,latency,0.550000,dataThroughTtp-compressed,0.055930
10000,latency,0.550000,dataThroughTtp,0.054654
10000,latency,0.600000,dataThroughTtp-cached,0.967601
10000,latency,0.600000,computeToData-cached,0.954680
10000,latency,0.600000,computeToData-compressed,0.175872
10000,latency,0.600000,computeToData,0.167949
10000,latency,0.600000,dataThroughTtp-compressed,0.046764
10000,latency,0.600000,dataThroughTtp,0.045347
10000,latency,0.650000,dataThroughTtp-cached,0.972929
10000,latency,0.650000,computeToData-cached,0.962864
10000,latency,0.650000,computeToData-compressed,0.175677
10000,latency,0.650000,computeToData,0.167734
10000,latency,0.650000,dataThroughTtp-compressed,0.038769
10000,latency,0.650000,dataThroughTtp,0.037156
10000,latency,0.700000,dataThroughTtp-cached,0.977485
10000,latency,0.700000,computeToData-cached,0.970098
10000,latency,0.700000,computeToData-compressed,0.175540
10000,latency,0.700000,computeToData,0.167582
10000,latency,0.700000,dataThroughTtp-compressed,0.031806
10000,latency,0.700000,dataThroughTtp,0.029916
10000,latency,0.750000,dataThroughTtp-cached,0.981335
10000,latency,0.750000,computeToData-cached,0.976523
10000,latency,0.750000,computeToData-compressed,0.175445
10000,latency,0.750000,computeToData,0.167476
10000,latency,0.750000,dataThroughTtp-compressed,0.025776
10000,latency,0.750000,dataThroughTtp,0.023487
10000,latency,0.800000,dataThroughTtp-cached,0.984508
10000,latency,0.800000,computeToData-cached,0.982256
10000,latency,0.800000,computeToData-compressed,0.175380
10000,latency,0.800000,computeToData,0.167404
10000,latency,0.800000,dataThroughTtp-compressed,0.020626
10000,latency,0.800000,dataThroughTtp,0.017752
10000,latency,0.850000,computeToData-cached,0.987394
10000,latency,0.850000,dataThroughTtp-cached,0.986999
10000,latency,0.850000,computeToData-compressed,0.175338
10000,latency,0.850000,computeToData,0.167358
10000,latency,0.850000,dataThroughTtp-compressed,0.016373
10000,latency,0.850000,dataThroughTtp,0.012611
10000,latency,0.900000,computeToData-cached,0.992020
10000,latency,0.900000,dataThroughTtp-cached,0.988774
10000,latency,0.900000,computeToData-compressed,0.175312
10000,latency,0.900000,computeToData,0.167330
10000,latency,0.900000,dataThroughTtp-compressed,0.013125
10000,latency,0.900000,dataThroughTtp,0.007984
10000,latency,0.950000,computeToData-cached,0.996202
10000,latency,0.950000,dataThroughTtp-cached,0.989804
10000,latency,0.950000,computeToData-compressed,0.175300
10000,latency,0.950000,computeToData,0.167316
10000,latency,0.950000,dataThroughTtp-compressed,0.011088
10000,latency,0.950000,dataThroughTtp,0.003799
10000,latency,1.000000,computeToData-cached,1.000000
10000,latency,1.000000,dataThroughTtp-cached,0.990122
10000,latency,1.000000,computeToData-compressed,0.175296
10000,latency,1.000000,computeToData,0.167311
10000,latency,1.000000,dataThroughTtp-compressed,0.010421
10000,latency,1.000000,dataThroughTtp,0.000000
10000,cost,0.000000,computeToData-cached,1.000000
10000,cost,0.000000,dataThroughTtp-cached,0.898182
10000,cost,0.000000,computeToData-compressed,0.184575
10000,cost,0.000000,computeToData,0.177078
10000,cost,0.000000,dataThroughTtp-compressed,0.007966
10000,cost,0.000000,dataThroughTtp,0.004621
10000,cost,0.050000,computeToData-cached,0.974395
10000,cost,0.050000,dataThroughTtp-cached,0.898215
10000,cost,0.050000,computeToData-compressed,0.184502
10000,cost,0.050000,computeToData,0.177008
10000,cost,0.050000,dataThroughTtp-compressed,0.026888
10000,cost,0.050000,dataThroughTtp,0.026063
10000,cost,0.100000,computeToData-cached,0.947441
10000,cost,0.100000,dataThroughTtp-cached,0.898327
10000,cost,0.100000,computeToData-compressed,0.184249
10000,cost,0.100000,computeToData,0.176769
10000,cost,0.100000,dataThroughTtp-compressed,0.053380
10000,cost,0.100000,dataThroughTtp,0.052878
10000,cost,0.150000,computeToData-cached,0.919028
10000,cost,0.150000,dataThroughTtp-cached,0.898547
10000,cost,0.150000,computeToData-compressed,0.183756
10000,cost,0.150000,computeToData,0.176303
10000,cost,0.150000,dataThroughTtp-compressed,0.081735
10000,cost,0.150000,dataThroughTtp,0.081294
10000,cost,0.200000,dataThroughTtp-cached,0.898911
10000,cost,0.200000,computeToData-cached,0.889033
10000,cost,0.200000,computeToData-compressed,0.182944
10000,cost,0.200000,computeToData,0.175533
10000,cost,0.200000,dataThroughTtp-compressed,0.111774
10000,cost,0.200000,dataThroughTtp,0.111324
10000,cost,0.250000,dataThroughTtp-cached,0.899466
10000,cost,0.250000,computeToData-cached,0.857321
10000,cost,0.250000,computeToData-compressed,0.181706
10000,cost,0.250000,computeToData,0.174361
10000,cost,0.250000,dataThroughTtp-compressed,0.143570
10000,cost,0.250000,dataThroughTtp,0.143085
10000,cost,0.300000,dataThroughTtp-cached,0.900278
10000,cost,0.300000,computeToData-cached,0.823741
10000,cost,0.300000,computeToData-compressed,0.179908
10000,cost,0.300000,dataThroughTtp-compressed,0.177250
10000,cost,0.300000,dataThroughTtp,0.176718
10000,cost,0.300000,computeToData,0.172658
10000,cost,0.350000,dataThroughTtp-cached,0.901432
10000,cost,0.350000,computeToData-cached,0.788123
10000,cost,0.350000,dataThroughTtp-compressed,0.212975
10000,cost,0.350000,dataThroughTtp,0.212392
10000,cost,0.350000,computeToData-compressed,0.177375
10000,cost,0.350000,computeToData,0.170257
10000,cost,0.400000,dataThroughTtp-cached,0.903037
10000,cost,0.400000,computeToData-cached,0.750274
10000,cost,0.400000,dataThroughTtp-compressed,0.250928
10000,cost,0.400000,dataThroughTtp,0.250294
10000,cost,0.400000,computeToData-compressed,0.173889
10000,cost,0.400000,computeToData,0.166949
10000,cost,0.450000,dataThroughTtp-cached,0.905236
10000,cost,0.450000,computeToData-cached,0.709978
10000,cost,0.450000,dataThroughTtp-compressed,0.291323
10000,cost,0.450000,dataThroughTtp,0.290639
10000,cost,0.450000,computeToData-compressed,0.169183
10000,cost,0.450000,computeToData,0.162480
10000,cost,0.500000,dataThroughTtp-cached,0.908203
10000,cost,0.500000,computeToData-cached,0.666991
10000,cost,0.500000,dataThroughTtp-compressed,0.334398
10000,cost,0.500000,dataThroughTtp,0.333670
10000,cost,0.500000,computeToData-compressed,0.162952
10000,cost,0.500000,computeToData,0.156554
10000,cost,0.550000,dataThroughTtp-cached,0.912144
10000,cost,0.550000,computeToData-cached,0.621033
10000,cost,0.550000,dataThroughTtp-compressed,0.380428
10000,cost,0.550000,dataThroughTtp,0.379663
10000,cost,0.550000,computeToData-compressed,0.154872
10000,cost,0.550000,computeToData,0.148856
10000,cost,0.600000,dataThroughTtp-cached,0.917280
10000,cost,0.600000,computeToData-cached,0.571786
10000,cost,0.600000,dataThroughTtp-compressed,0.429727
10000,cost,0.600000,dataThroughTtp,0.428936
10000,cost,0.600000,computeToData-compressed,0.144639
10000,cost,0.600000,computeToData,0.139089
10000,cost,0.650000,dataThroughTtp-cached,0.923811
10000,cost,0.650000,computeToData-cached,0.518883
10000,cost,0.650000,dataThroughTtp-compressed,0.482654
10000,cost,0.650000,dataThroughTtp,0.481852
10000,cost,0.650000,computeToData-compressed,0.132043
10000,cost,0.650000,computeToData,0.127039
10000,cost,0.700000,dataThroughTtp-cached,0.931866
10000,cost,0.700000,dataThroughTtp-compressed,0.539625
10000,cost,0.700000,dataThroughTtp,0.538829
10000,cost,0.700000,computeToData-cached,0.461901
10000,cost,0.700000,computeToData-compressed,0.117038
10000,cost,0.700000,computeToData,0.112654
10000,cost,0.750000,dataThroughTtp-cached,0.941435
10000,cost,0.750000,dataThroughTtp-compressed,0.601121
10000,cost,0.750000,dataThroughTtp,0.600354
10000,cost,0.750000,computeToData-cached,0.400350
10000,cost,0.750000,computeToData-compressed,0.099813
10000,cost,0.750000,computeToData,0.096106
10000,cost,0.800000,dataThroughTtp-cached,0.952316
10000,cost,0.800000,dataThroughTtp-compressed,0.667703
10000,cost,0.800000,dataThroughTtp,0.666994
10000,cost,0.800000,computeToData-cached,0.333658
10000,cost,0.800000,computeToData-compressed,0.080799
10000,cost,0.800000,computeToData,0.077812
10000,cost,0.850000,dataThroughTtp-cached,0.964122
10000,cost,0.850000,dataThroughTtp-compressed,0.740028
10000,cost,0.850000,dataThroughTtp,0.739414
10000,cost,0.850000,computeToData-cached,0.261151
10000,cost,0.850000,computeToData-compressed,0.060625
10000,cost,0.850000,computeToData,0.058380
10000,cost,0.900000,dataThroughTtp-cached,0.976342
10000,cost,0.900000,dataThroughTtp-compressed,0.818874
10000,cost,0.900000,dataThroughTtp,0.818401
10000,cost,0.900000,computeToData-cached,0.182035
10000,cost,0.900000,computeToData-compressed,0.040003
10000,cost,0.900000,computeToData,0.038511
10000,cost,0.950000,dataThroughTtp-cached,0.988448
10000,cost,0.950000,dataThroughTtp-compressed,0.905163
10000,cost,0.950000,dataThroughTtp,0.904889
10000,cost,0.950000,computeToData-cached,0.095364
10000,cost,0.950000,computeToData-compressed,0.019611
10000,cost,0.950000,computeToData,0.018870
10000,cost,1.000000,dataThroughTtp,1.000000
10000,cost,1.000000,dataThroughTtp-cached,1.000000
10000,cost,1.000000,dataThroughTtp-compressed,1.000000
10000,cost,1.000000,computeToData,0.000000
10000,cost,1.000000,computeToData-cached,0.000000
10000,cost,1.000000,computeToData-compressed,0.000000
10000,privacy,0.000000,dataThroughTtp-cached,0.989438
10000,privacy,0.000000,computeToData-cached,0.856562
10000,privacy,0.000000,computeToData-compressed,0.152906
10000,privacy,0.000000,dataThroughTtp-compressed,0.144342
10000,privacy,0.000000,computeToData,0.143864
10000,privacy,0.000000,dataThroughTtp,0.143850
10000,privacy,0.050000,dataThroughTtp-cached,0.979858
10000,privacy,0.050000,computeToData-cached,0.856581
10000,privacy,0.050000,computeToData-compressed,0.153731
10000,privacy,0.050000,computeToData,0.144750
10000,privacy,0.050000,dataThroughTtp-compressed,0.144323
10000,privacy,0.050000,dataThroughTtp,0.143831
10000,privacy,0.100000,dataThroughTtp-cached,0.962842
10000,privacy,0.100000,computeToData-cached,0.856647
10000,privacy,0.100000,computeToData-compressed,0.156533
10000,privacy,0.100000,computeToData,0.147750
10000,privacy,0.100000,dataThroughTtp-compressed,0.144256
10000,privacy,0.100000,dataThroughTtp,0.143765
10000,privacy,0.150000,dataThroughTtp-cached,0.943519
10000,privacy,0.150000,computeToData-cached,0.856776
10000,privacy,0.150000,computeToData-compressed,0.161816
10000,privacy,0.150000,computeToData,0.153382
10000,privacy,0.150000,dataThroughTtp-compressed,0.144124
10000,privacy,0.150000,dataThroughTtp,0.143634
10000,privacy,0.200000,dataThroughTtp-cached,0.922403
10000,privacy,0.200000,computeToData-cached,0.856991
10000,privacy,0.200000,computeToData-compressed,0.170067
10000,privacy,0.200000,computeToData,0.162125
10000,privacy,0.200000,dataThroughTtp-compressed,0.143906
10000,privacy,0.200000,dataThroughTtp,0.143418
10000,privacy,0.250000,dataThroughTtp-cached,0.899466
10000,privacy,0.250000,computeToData-cached,0.857321
10000,privacy,0.250000,computeToData-compressed,0.181706
10000,privacy,0.250000,computeToData,0.174361
10000,privacy,0.250000,dataThroughTtp-compressed,0.143570
10000,privacy,0.250000,dataThroughTtp,0.143085
10000,privacy,0.300000,dataThroughTtp-cached,0.874550
10000,privacy,0.300000,computeToData-cached,0.857810
10000,privacy,0.300000,computeToData-compressed,0.197058
10000,privacy,0.300000,computeToData,0.190365
10000,privacy,0.300000,dataThroughTtp-compressed,0.143072
10000,privacy,0.300000,dataThroughTtp,0.142592
10000,privacy,0.350000,computeToData-cached,0.858517
10000,privacy,0.350000,dataThroughTtp-cached,0.847426
10000,privacy,0.350000,computeToData-compressed,0.216359
10000,privacy,0.350000,computeToData,0.210316
10000,privacy,0.350000,dataThroughTtp-compressed,0.142353
10000,privacy,0.350000,dataThroughTtp,0.141879
10000,privacy,0.400000,computeToData-cached,0.859525
10000,privacy,0.400000,dataThroughTtp-cached,0.817812
10000,privacy,0.400000,computeToData-compressed,0.239783
10000,privacy,0.400000,computeToData,0.234348
10000,privacy,0.400000,dataThroughTtp-compressed,0.141328
10000,privacy,0.400000,dataThroughTtp,0.140863
10000,privacy,0.450000,computeToData-cached,0.860953
10000,privacy,0.450000,dataThroughTtp-cached,0.785361
10000,privacy,0.450000,computeToData-compressed,0.267493
10000,privacy,0.450000,computeToData,0.262594
10000,privacy,0.450000,dataThroughTtp-compressed,0.139876
10000,privacy,0.450000,dataThroughTtp,0.139424
10000,privacy,0.500000,computeToData-cached,0.862970
10000,privacy,0.500000,dataThroughTtp-cached,0.749654
10000,privacy,0.500000,computeToData-compressed,0.299680
10000,privacy,0.500000,computeToData,0.295236
10000,privacy,0.500000,dataThroughTtp-compressed,0.137826
10000,privacy,0.500000,dataThroughTtp,0.137391
10000,privacy,0.550000,computeToData-cached,0.865819
10000,privacy,0.550000,dataThroughTtp-cached,0.710181
10000,privacy,0.550000,computeToData-compressed,0.336605
10000,privacy,0.550000,computeToData,0.332534
10000,privacy,0.550000,dataThroughTtp-compressed,0.134932
10000,privacy,0.550000,dataThroughTtp,0.134522
10000,privacy,0.600000,computeToData-cached,0.869840
10000,privacy,0.600000,dataThroughTtp-cached,0.666319
10000,privacy,0.600000,computeToData-compressed,0.378623
10000,privacy,0.600000,computeToData,0.374855
10000,privacy,0.600000,dataThroughTtp-compressed,0.130851
10000,privacy,0.600000,dataThroughTtp,0.130472
10000,privacy,0.650000,computeToData-cached,0.875506
10000,privacy,0.650000,dataThroughTtp-cached,0.617297
10000,privacy,0.650000,computeToData-compressed,0.426214
10000,privacy,0.650000,computeToData,0.422697
10000,privacy,0.650000,dataThroughTtp-compressed,0.125106
10000,privacy,0.650000,dataThroughTtp,0.124769
10000,privacy,0.700000,computeToData-cached,0.883434
10000,privacy,0.700000,dataThroughTtp-cached,0.562148
10000,privacy,0.700000,computeToData-compressed,0.480011
10000,privacy,0.700000,computeToData,0.476717
10000,privacy,0.700000,dataThroughTtp-compressed,0.117080
10000,privacy,0.700000,dataThroughTtp,0.116796
10000,privacy,0.750000,computeToData-cached,0.894351
10000,privacy,0.750000,computeToData-compressed,0.540836
10000,privacy,0.750000,computeToData,0.537765
10000,privacy,0.750000,dataThroughTtp-cached,0.499652
10000,privacy,0.750000,dataThroughTtp-compressed,0.106049
10000,privacy,0.750000,dataThroughTtp,0.105825
10000,privacy,0.800000,computeToData-cached,0.908950
10000,privacy,0.800000,computeToData-compressed,0.609741
10000,privacy,0.800000,computeToData,0.606935
10000,privacy,0.800000,dataThroughTtp-cached,0.428237
10000,privacy,0.800000,dataThroughTtp-compressed,0.091328
10000,privacy,0.800000,dataThroughTtp,0.091169
10000,privacy,0.850000,computeToData-cached,0.927591
10000,privacy,0.850000,computeToData-compressed,0.688083
10000,privacy,0.850000,computeToData,0.685631
10000,privacy,0.850000,dataThroughTtp-cached,0.345848
10000,privacy,0.850000,dataThroughTtp-compressed,0.072577
10000,privacy,0.850000,dataThroughTtp,0.072479
10000,privacy,0.900000,computeToData-cached,0.949912
10000,privacy,0.900000,computeToData-compressed,0.777606
10000,privacy,0.900000,computeToData,0.775669
10000,privacy,0.900000,dataThroughTtp-cached,0.249749
10000,privacy,0.900000,dataThroughTtp-compressed,0.050172
10000,privacy,0.900000,dataThroughTtp,0.050121
10000,privacy,0.950000,computeToData-cached,0.974662
10000,privacy,0.950000,computeToData-compressed,0.880582
10000,privacy,0.950000,computeToData,0.879415
10000,privacy,0.950000,dataThroughTtp-cached,0.136206
10000,privacy,0.950000,dataThroughTtp-compressed,0.025370
10000,privacy,0.950000,dataThroughTtp,0.025349
10000,privacy,1.000000,computeToData,1.000000
10000,privacy,1.000000,computeToData-cached,1.000000
10000,privacy,1.000000,computeToData-compressed,1.000000
10000,privacy,1.000000,dataThroughTtp,0.000000
10000,privacy,1.000000,dataThroughTtp-cached,0.000000
10000,privacy,1.000000,dataThroughTtp-compressed,0.000000
20000,energy,0.000000,dataThroughTtp-cached,0.907901
20000,energy,0.000000,computeToData-cached,0.869590
20000,energy,0.000000,computeToData-compressed,0.278672
20000,energy,0.000000,computeToData,0.266387
20000,energy,0.000000,dataThroughTtp-compressed,0.132835
20000,energy,0.000000,dataThroughTtp,0.130410
20000,energy,0.050000,dataThroughTtp-cached,0.908836
20000,energy,0.050000,computeToData-cached,0.870903
20000,energy,0.050000,computeToData-compressed,0.277164
20000,energy,0.050000,computeToData,0.264619
20000,energy,0.050000,dataThroughTtp-compressed,0.131459
20000,energy,0.050000,dataThroughTtp,0.129110
20000,energy,0.100000,dataThroughTtp-cached,0.911850
20000,energy,0.100000,computeToData-cached,0.875142
20000,energy,0.100000,computeToData-compressed,0.272401
20000,energy,0.100000,computeToData,0.259030
20000,energy,0.100000,dataThroughTtp-compressed,0.127026
20000,energy,0.100000,dataThroughTtp,0.124912
20000,energy,0.150000,dataThroughTtp-cached,0.916946
20000,energy,0.150000,computeToData-cached,0.882333
20000,energy,0.150000,computeToData-compressed,0.264677
20000,energy,0.150000,computeToData,0.249946
20000,energy,0.150000,dataThroughTtp-compressed,0.119536
20000,energy,0.150000,dataThroughTtp,0.117783
20000,energy,0.200000,dataThroughTtp-cached,0.923692
20000,energy,0.200000,computeToData-cached,0.891901
20000,energy,0.200000,computeToData-compressed,0.255090
20000,energy,0.200000,computeToData,0.238623
20000,energy,0.200000,dataThroughTtp-compressed,0.109622
20000,energy,0.200000,dataThroughTtp,0.108282
20000,energy,0.250000,dataThroughTtp-cached,0.931382
20000,energy,0.250000,computeToData-cached,0.902887
20000,energy,0.250000,computeToData-compressed,0.245052
20000,energy,0.250000,computeToData,0.226686
20000,energy,0.250000,dataThroughTtp-compressed,0.098303
20000,energy,0.250000,dataThroughTtp,0.097355
20000,energy,0.300000,dataThroughTtp-cached,0.939299
20000,energy,0.300000,computeToData-cached,0.914311
20000,energy,0.300000,computeToData-compressed,0.235723
20000,energy,0.300000,computeToData,0.215493
20000,energy,0.300000,dataThroughTtp-compressed,0.086598
20000,energy,0.300000,dataThroughTtp,0.085974
20000,energy,0.350000,dataThroughTtp-cached,0.946908
20000,energy,0.350000,computeToData-cached,0.925426
20000,energy,0.350000,computeToData-compressed,0.227750
20000,energy,0.350000,computeToData,0.205829
20000,energy,0.350000,dataThroughTtp-compressed,0.075264
20000,energy,0.350000,dataThroughTtp,0.074889
20000,energy,0.400000,dataThroughTtp-cached,0.953888
20000,energy,0.400000,computeToData-cached,0.935785
20000,energy,0.400000,computeToData-compressed,0.221318
20000,energy,0.400000,computeToData,0.197951
20000,energy,0.400000,dataThroughTtp-compressed,0.064740
20000,energy,0.400000,dataThroughTtp,0.064551
20000,energy,0.450000,dataThroughTtp-cached,0.960101
20000,energy,0.450000,computeToData-cached,0.945188
20000,energy,0.450000,computeToData-compressed,0.216327
20000,energy,0.450000,computeToData,0.191778
20000,energy,0.450000,dataThroughTtp-compressed,0.055217
20000,energy,0.450000,dataThroughTtp,0.055166
20000,energy,0.500000,dataThroughTtp-cached,0.965516
20000,energy,0.500000,computeToData-cached,0.953593
20000,energy,0.500000,computeToData-compressed,0.212552
20000,energy,0.500000,computeToData,0.187072
20000,energy,0.500000,dataThroughTtp,0.046780
20000,energy,0.500000,dataThroughTtp-compressed,0.046722
20000,energy,0.550000,dataThroughTtp-cached,0.970162
20000,energy,0.550000,computeToData-cached,0.961050
20000,energy,0.550000,computeToData-compressed,0.209749
20000,energy,0.550000,computeToData,0.183552
20000,energy,0.550000,dataThroughTtp,0.039348
20000,energy,0.550000,dataThroughTtp-compressed,0.039198
20000,energy,0.600000,dataThroughTtp-cached,0.974093
20000,energy,0.600000,computeToData-cached,0.967646
20000,energy,0.600000,computeToData-compressed,0.207696
20000,energy,0.600000,computeToData,0.180960
20000,energy,0.600000,dataThroughTtp,0.032790
20000,energy,0.600000,dataThroughTtp-compressed,0.032550
20000,energy,0.650000,dataThroughTtp-cached,0.977364
20000,energy,0.650000,computeToData-cached,0.973480
20000,energy,0.650000,computeToData-compressed,0.206210
20000,energy,0.650000,computeToData,0.179077
20000,energy,0.650000,dataThroughTtp,0.027010
20000,energy,0.650000,dataThroughTtp-compressed,0.026675
20000,energy,0.700000,dataThroughTtp-cached,0.980031
20000,energy,0.700000,computeToData-cached,0.978651
20000,energy,0.700000,computeToData-compressed,0.205150
20000,energy,0.700000,computeToData,0.177729
20000,energy,0.700000,dataThroughTtp,0.021919
20000,energy,0.700000,dataThroughTtp-compressed,0.021471
20000,energy,0.750000,computeToData-cached,0.983247
20000,energy,0.750000,dataThroughTtp-cached,0.982140
20000,energy,0.750000,computeToData-compressed,0.204408
20000,energy,0.750000,computeToData,0.176783
20000,energy,0.750000,dataThroughTtp,0.017442
20000,energy,0.750000,dataThroughTtp-compressed,0.016847
20000,energy,0.800000,computeToData-cached,0.987347
20000,energy,0.800000,dataThroughTtp-cached,0.983738
20000,energy,0.800000,computeToData-compressed,0.203901
20000,energy,0.800000,computeToData,0.176136
20000,energy,0.800000,dataThroughTtp,0.013526
20000,energy,0.800000,dataThroughTtp-compressed,0.012723
20000,energy,0.850000,computeToData-cached,0.991019
20000,energy,0.850000,dataThroughTtp-cached,0.984875
20000,energy,0.850000,computeToData-compressed,0.203571
20000,energy,0.850000,computeToData,0.175714
20000,energy,0.850000,dataThroughTtp,0.010153
20000,energy,0.850000,dataThroughTtp-compressed,0.009031
20000,energy,0.900000,computeToData-cached,0.994320
20000,energy,0.900000,dataThroughTtp-cached,0.985605
20000,energy,0.900000,computeToData-compressed,0.203371
20000,energy,0.900000,computeToData,0.175459
20000,energy,0.900000,dataThroughTtp,0.007381
20000,energy,0.900000,dataThroughTtp-compressed,0.005711
20000,energy,0.950000,computeToData-cached,0.997300
20000,energy,0.950000,dataThroughTtp-cached,0.985994
20000,energy,0.950000,computeToData-compressed,0.203269
20000,energy,0.950000,computeToData,0.175328
20000,energy,0.950000,dataThroughTtp,0.005427
20000,energy,0.950000,dataThroughTtp-compressed,0.002715
20000,energy,1.000000,computeToData-cached,1.000000
20000,energy,1.000000,dataThroughTtp-cached,0.986109
20000,energy,1.000000,computeToData-compressed,0.203240
20000,energy,1.000000,computeToData,0.175290
20000,energy,1.000000,dataThroughTtp,0.004708
20000,energy,1.000000,dataThroughTtp-compressed,0.000000
20000,latency,0.000000,dataThroughTtp-cached,0.905774
20000,latency,0.000000,computeToData-cached,0.866898
20000,latency,0.000000,computeToData-compressed,0.219174
20000,latency,0.000000,computeToData,0.195013
20000,latency,0.000000,dataThroughTtp,0.133695
20000,latency,0.000000,dataThroughTtp-compressed,0.133102
20000,latency,0.050000,dataThroughTtp-cached,0.906829
20000,latency,0.050000,computeToData-cached,0.868365
20000,latency,0.050000,computeToData-compressed,0.220469
20000,latency,0.050000,computeToData,0.196625
20000,latency,0.050000,dataThroughTtp,0.132209
20000,latency,0.050000,dataThroughTtp-compressed,0.131696
20000,latency,0.100000,dataThroughTtp-cached,0.910207
20000,latency,0.100000,computeToData-cached,0.873069
20000,latency,0.100000,computeToData-compressed,0.224471
20000,latency,0.100000,computeToData,0.201582
20000,latency,0.100000,dataThroughTtp,0.127447
20000,latency,0.100000,dataThroughTtp-compressed,0.127179
20000,latency,0.150000,dataThroughTtp-cached,0.915846
20000,latency,0.150000,computeToData-cached,0.880950
20000,latency,0.150000,computeToData-compressed,0.230682
20000,latency,0.150000,computeToData,0.209220
20000,latency,0.150000,dataThroughTtp-compressed,0.119584
20000,latency,0.150000,dataThroughTtp,0.119478
20000,latency,0.200000,dataThroughTtp-cached,0.923180
20000,latency,0.200000,computeToData-cached,0.891262
20000,latency,0.200000,computeToData-compressed,0.237943
20000,latency,0.200000,computeToData,0.218077
20000,latency,0.200000,dataThroughTtp-compressed,0.109603
20000,latency,0.200000,dataThroughTtp,0.109069
20000,latency,0.250000,dataThroughTtp-cached,0.931382
20000,latency,0.250000,computeToData-cached,0.902887
20000,latency,0.250000,computeToData-compressed,0.245052
20000,latency,0.250000,computeToData,0.226686
20000,latency,0.250000,dataThroughTtp-compressed,0.098303
20000,latency,0.250000,dataThroughTtp,0.097355
20000,latency,0.300000,dataThroughTtp-cached,0.939677
20000,latency,0.300000,computeToData-cached,0.914767
20000,latency,0.300000,computeToData-compressed,0.251236
20000,latency,0.300000,computeToData,0.234137
20000,latency,0.300000,dataThroughTtp-compressed,0.086726
20000,latency,0.300000,dataThroughTtp,0.085403
20000,latency,0.350000,dataThroughTtp-cached,0.947529
20000,latency,0.350000,computeToData-cached,0.926152
20000,latency,0.350000,computeToData-compressed,0.256217
20000,latency,0.350000,computeToData,0.240118
20000,latency,0.350000,dataThroughTtp-compressed,0.075624
20000,latency,0.350000,dataThroughTtp,0.073965
20000,latency,0.400000,dataThroughTtp-cached,0.954649
20000,latency,0.400000,computeToData-cached,0.936635
20000,latency,0.400000,computeToData-compressed,0.260041
20000,latency,0.400000,computeToData,0.244699
20000,latency,0.400000,dataThroughTtp-compressed,0.065430
20000,latency,0.400000,dataThroughTtp,0.063446
20000,latency,0.450000,dataThroughTtp-cached,0.960932
20000,latency,0.450000,computeToData-cached,0.946060
20000,latency,0.450000,computeToData-compressed,0.262893
20000,latency,0.450000,computeToData,0.248111
20000,latency,0.450000,dataThroughTtp-compressed,0.056320
20000,latency,0.450000,dataThroughTtp,0.053996
20000,latency,0.500000,dataThroughTtp-cached,0.966378
20000,latency,0.500000,computeToData-cached,0.954427
20000,latency,0.500000,computeToData-compressed,0.264984
20000,latency,0.500000,computeToData,0.250610
20000,latency,0.500000,dataThroughTtp-compressed,0.048323
20000,latency,0.500000,dataThroughTtp,0.045613
20000,latency,0.550000,dataThroughTtp-cached,0.971039
20000,latency,0.550000,computeToData-cached,0.961809
20000,latency,0.550000,computeToData-compressed,0.266500
20000,latency,0.550000,computeToData,0.252423
20000,latency,0.550000,dataThroughTtp-compressed,0.041386
20000,latency,0.550000,dataThroughTtp,0.038220
20000,latency,0.600000,dataThroughTtp-cached,0.974979
20000,latency,0.600000,computeToData-cached,0.968313
20000,latency,0.600000,computeToData-compressed,0.267593
20000,latency,0.600000,computeToData,0.253727
20000,latency,0.600000,dataThroughTtp-compressed,0.035431
20000,latency,0.600000,dataThroughTtp,0.031708
20000,latency,0.650000,dataThroughTtp-cached,0.978264
20000,latency,0.650000,computeToData-cached,0.974049
20000,latency,0.650000,computeToData-compressed,0.268373
20000,latency,0.650000,computeToData,0.254659
20000,latency,0.650000,dataThroughTtp-compressed,0.030377
20000,latency,0.650000,dataThroughTtp,0.025966
20000,latency,0.700000,dataThroughTtp-cached,0.980950
20000,latency,0.700000,computeToData-cached,0.979122
20000,latency,0.700000,computeToData-compressed,0.268924
20000,latency,0.700000,computeToData,0.255317
20000,latency,0.700000,dataThroughTtp-compressed,0.026157
20000,latency,0.700000,dataThroughTtp,0.020889
20000,latency,0.750000,computeToData-cached,0.983624
20000,latency,0.750000,dataThroughTtp-cached,0.983086
20000,latency,0.750000,computeToData-compressed,0.269308
20000,latency,0.750000,computeToData,0.255775
20000,latency,0.750000,dataThroughTtp-compressed,0.022717
20000,latency,0.750000,dataThroughTtp,0.016384
20000,latency,0.800000,computeToData-cached,0.987636
20000,latency,0.800000,dataThroughTtp-cached,0.984714
20000,latency,0.800000,computeToData-compressed,0.269569
20000,latency,0.800000,computeToData,0.256087
20000,latency,0.800000,dataThroughTtp-compressed,0.020022
20000,latency,0.800000,dataThroughTtp,0.012370
20000,latency,0.850000,computeToData-cached,0.991226
20000,latency,0.850000,dataThroughTtp-cached,0.985879
20000,latency,0.850000,computeToData-compressed,0.269738
20000,latency,0.850000,computeToData,0.256289
20000,latency,0.850000,dataThroughTtp-compressed,0.018038
20000,latency,0.850000,dataThroughTtp,0.008778
20000,latency,0.900000,computeToData-cached,0.994452
20000,latency,0.900000,dataThroughTtp-cached,0.986633
20000,latency,0.900000,computeToData-compressed,0.269841
20000,latency,0.900000,computeToData,0.256411
20000,latency,0.900000,dataThroughTtp-compressed,0.016722
20000,latency,0.900000,dataThroughTtp,0.005550
20000,latency,0.950000,computeToData-cached,0.997363
20000,latency,0.950000,dataThroughTtp-cached,0.987035
20000,latency,0.950000,computeToData-compressed,0.269893
20000,latency,0.950000,computeToData,0.256473
20000,latency,0.950000,dataThroughTtp-compressed,0.016006
20000,latency,0.950000,dataThroughTtp,0.002638
20000,latency,1.000000,computeToData-cached,1.000000
20000,latency,1.000000,dataThroughTtp-cached,0.987154
20000,latency,1.000000,computeToData-compressed,0.269908
20000,latency,1.000000,computeToData,0.256491
20000,latency,1.000000,dataThroughTtp-compressed,0.015792
20000,latency,1.000000,dataThroughTtp,0.000000
20000,cost,0.000000,computeToData-cached,1.000000
20000,cost,0.000000,dataThroughTtp-cached,0.931001
20000,cost,0.000000,computeToData-compressed,0.246884
20000,cost,0.000000,computeToData,0.228332
20000,cost,0.000000,dataThroughTtp-compressed,0.011233
20000,cost,0.000000,dataThroughTtp,0.003278
20000,cost,0.050000,computeToData-cached,0.983301
20000,cost,0.050000,dataThroughTtp-cached,0.931011
20000,cost,0.050000,computeToData-compressed,0.246838
20000,cost,0.050000,computeToData,0.228291
20000,cost,0.050000,dataThroughTtp-compressed,0.020133
20000,cost,0.050000,dataThroughTtp,0.017041
20000,cost,0.100000,computeToData-cached,0.965388
20000,cost,0.100000,dataThroughTtp-cached,0.931044
20000,cost,0.100000,computeToData-compressed,0.246678
20000,cost,0.100000,computeToData,0.228147
20000,cost,0.100000,dataThroughTtp-compressed,0.036503
20000,cost,0.100000,dataThroughTtp,0.034828
20000,cost,0.150000,computeToData-cached,0.946125
20000,cost,0.150000,dataThroughTtp-cached,0.931108
20000,cost,0.150000,computeToData-compressed,0.246366
20000,cost,0.150000,computeToData,0.227867
20000,cost,0.150000,dataThroughTtp-compressed,0.055281
20000,cost,0.150000,dataThroughTtp,0.054076
20000,cost,0.200000,dataThroughTtp-cached,0.931216
20000,cost,0.200000,computeToData-cached,0.925353
20000,cost,0.200000,computeToData-compressed,0.245848
20000,cost,0.200000,computeToData,0.227401
20000,cost,0.200000,dataThroughTtp-compressed,0.075879
20000,cost,0.200000,dataThroughTtp,0.074862
20000,cost,0.250000,dataThroughTtp-cached,0.931382
20000,cost,0.250000,computeToData-cached,0.902887
20000,cost,0.250000,computeToData-compressed,0.245052
20000,cost,0.250000,computeToData,0.226686
20000,cost,0.250000,dataThroughTtp-compressed,0.098303
20000,cost,0.250000,dataThroughTtp,0.097355
20000,cost,0.300000,dataThroughTtp-cached,0.931627
20000,cost,0.300000,computeToData-cached,0.878511
20000,cost,0.300000,computeToData-compressed,0.243879
20000,cost,0.300000,computeToData,0.225632
20000,cost,0.300000,dataThroughTtp-compressed,0.122706
20000,cost,0.300000,dataThroughTtp,0.121763
20000,cost,0.350000,dataThroughTtp-cached,0.931981
20000,cost,0.350000,computeToData-cached,0.851971
20000,cost,0.350000,computeToData-compressed,0.242195
20000,cost,0.350000,computeToData,0.224117
20000,cost,0.350000,dataThroughTtp-compressed,0.149312
20000,cost,0.350000,dataThroughTtp,0.148340
20000,cost,0.400000,dataThroughTtp-cached,0.932485
20000,cost,0.400000,computeToData-cached,0.822966
20000,cost,0.400000,computeToData-compressed,0.239814
20000,cost,0.400000,computeToData,0.221972
20000,cost,0.400000,dataThroughTtp-compressed,0.178410
20000,cost,0.400000,dataThroughTtp,0.177384
20000,cost,0.450000,dataThroughTtp-cached,0.933200
20000,cost,0.450000,computeToData-cached,0.791135
20000,cost,0.450000,computeToData-compressed,0.236482
20000,cost,0.450000,computeToData,0.218967
20000,cost,0.450000,dataThroughTtp-compressed,0.210349
20000,cost,0.450000,dataThroughTtp,0.209256
20000,cost,0.500000,dataThroughTtp-cached,0.934210
20000,cost,0.500000,computeToData-cached,0.756043
20000,cost,0.500000,dataThroughTtp-compressed,0.245556
20000,cost,0.500000,dataThroughTtp,0.244388
20000,cost,0.500000,computeToData-compressed,0.231851
20000,cost,0.500000,computeToData,0.214783
20000,cost,0.550000,dataThroughTtp-cached,0.935634
20000,cost,0.550000,computeToData-cached,0.717164
20000,cost,0.550000,dataThroughTtp-compressed,0.284553
20000,cost,0.550000,dataThroughTtp,0.283307
20000,cost,0.550000,computeToData-compressed,0.225458
20000,cost,0.550000,computeToData,0.208992
20000,cost,0.600000,dataThroughTtp-cached,0.937643
20000,cost,0.600000,computeToData-cached,0.673848
20000,cost,0.600000,dataThroughTtp-compressed,0.327981
20000,cost,0.600000,dataThroughTtp,0.326659
20000,cost,0.600000,computeToData-compressed,0.216700
20000,cost,0.600000,computeToData,0.201033
20000,cost,0.650000,dataThroughTtp-cached,0.940468
20000,cost,0.650000,computeToData-cached,0.625291
20000,cost,0.650000,dataThroughTtp-compressed,0.376637
20000,cost,0.650000,dataThroughTtp,0.375248
20000,cost,0.650000,computeToData-compressed,0.204836
20000,cost,0.650000,computeToData,0.190207
20000,cost,0.700000,dataThroughTtp-cached,0.944411
20000,cost,0.700000,computeToData-cached,0.570480
20000,cost,0.700000,dataThroughTtp-compressed,0.431519
20000,cost,0.700000,dataThroughTtp,0.430083
20000,cost,0.700000,computeToData-compressed,0.189034
20000,cost,0.700000,computeToData,0.175719
20000,cost,0.750000,dataThroughTtp-cached,0.949816
20000,cost,0.750000,computeToData-cached,0.508123
20000,cost,0.750000,dataThroughTtp-compressed,0.493904
20000,cost,0.750000,dataThroughTtp,0.492450
20000,cost,0.750000,computeToData-compressed,0.168513
20000,cost,0.750000,computeToData,0.156805
20000,cost,0.800000,dataThroughTtp-cached,0.956996
20000,cost,0.800000,dataThroughTtp-compressed,0.565439
20000,cost,0.800000,dataThroughTtp,0.564016
20000,cost,0.800000,computeToData-cached,0.436547
20000,cost,0.800000,computeToData-compressed,0.142779
20000,cost,0.800000,computeToData,0.132963
20000,cost,0.850000,dataThroughTtp-cached,0.966068
20000,cost,0.850000,dataThroughTtp-compressed,0.648295
20000,cost,0.850000,dataThroughTtp,0.646978
20000,cost,0.850000,computeToData-cached,0.353545
20000,cost,0.850000,computeToData-compressed,0.111913
20000,cost,0.850000,computeToData,0.104243
20000,cost,0.900000,dataThroughTtp-cached,0.976767
20000,cost,0.900000,dataThroughTtp-compressed,0.745389
20000,cost,0.900000,dataThroughTtp,0.744293
20000,cost,0.900000,computeToData-cached,0.256142
20000,cost,0.900000,computeToData-compressed,0.076756
20000,cost,0.900000,computeToData,0.071454
20000,cost,0.950000,dataThroughTtp-cached,0.988390
20000,cost,0.950000,dataThroughTtp-compressed,0.860731
20000,cost,0.950000,dataThroughTtp,0.860039
20000,cost,0.950000,computeToData-cached,0.140236
20000,cost,0.950000,computeToData-compressed,0.038833
20000,cost,0.950000,computeToData,0.036095
20000,cost,1.000000,dataThroughTtp,1.000000
20000,cost,1.000000,dataThroughTtp-cached,1.000000
20000,cost,1.000000,dataThroughTtp-compressed,1.000000
20000,cost,1.000000,computeToData,0.000000
20000,cost,1.000000,computeToData-cached,0.000000
20000,cost,1.000000,computeToData-compressed,0.000000
20000,privacy,0.000000,dataThroughTtp-cached,0.986712
20000,privacy,0.000000,computeToData-cached,0.902661
20000,privacy,0.000000,computeToData-compressed,0.237172
20000,privacy,0.000000,computeToData,0.217963
20000,privacy,0.000000,dataThroughTtp-compressed,0.098536
20000,privacy,0.000000,dataThroughTtp,0.097582
20000,privacy,0.050000,dataThroughTtp-cached,0.982639
20000,privacy,0.050000,computeToData-cached,0.902666
20000,privacy,0.050000,computeToData-compressed,0.237374
20000,privacy,0.050000,computeToData,0.218188
20000,privacy,0.050000,dataThroughTtp-compressed,0.098530
20000,privacy,0.050000,dataThroughTtp,0.097577
20000,privacy,0.100000,dataThroughTtp-cached,0.973098
20000,privacy,0.100000,computeToData-cached,0.902686
20000,privacy,0.100000,computeToData-compressed,0.238072
20000,privacy,0.100000,computeToData,0.218964
20000,privacy,0.100000,dataThroughTtp-compressed,0.098510
20000,privacy,0.100000,dataThroughTtp,0.097557
20000,privacy,0.150000,dataThroughTtp-cached,0.960945
20000,privacy,0.150000,computeToData-cached,0.902724
20000,privacy,0.150000,computeToData-compressed,0.239431
20000,privacy,0.150000,computeToData,0.220473
20000,privacy,0.150000,dataThroughTtp-compressed,0.098471
20000,privacy,0.150000,dataThroughTtp,0.097518
20000,privacy,0.200000,dataThroughTtp-cached,0.946998
20000,privacy,0.200000,computeToData-cached,0.902788
20000,privacy,0.200000,computeToData-compressed,0.241666
20000,privacy,0.200000,computeToData,0.222948
20000,privacy,0.200000,dataThroughTtp-compressed,0.098405
20000,privacy,0.200000,dataThroughTtp,0.097454
20000,privacy,0.250000,dataThroughTtp-cached,0.931382
20000,privacy,0.250000,computeToData-cached,0.902887
20000,privacy,0.250000,computeToData-compressed,0.245052
20000,privacy,0.250000,computeToData,0.226686
20000,privacy,0.250000,dataThroughTtp-compressed,0.098303
20000,privacy,0.250000,dataThroughTtp,0.097355
20000,privacy,0.300000,dataThroughTtp-cached,0.913996
20000,privacy,0.300000,computeToData-cached,0.903034
20000,privacy,0.300000,computeToData-compressed,0.249940
20000,privacy,0.300000,computeToData,0.232059
20000,privacy,0.300000,dataThroughTtp-compressed,0.098153
20000,privacy,0.300000,dataThroughTtp,0.097207
20000,privacy,0.350000,computeToData-cached,0.903248
20000,privacy,0.350000,dataThroughTtp-cached,0.894631
20000,privacy,0.350000,computeToData-compressed,0.256771
20000,privacy,0.350000,computeToData,0.239524
20000,privacy,0.350000,dataThroughTtp-compressed,0.097933
20000,privacy,0.350000,dataThroughTtp,0.096992
20000,privacy,0.400000,computeToData-cached,0.903556
20000,privacy,0.400000,dataThroughTtp-cached,0.872989
20000,privacy,0.400000,computeToData-compressed,0.266086
20000,privacy,0.400000,computeToData,0.249630
20000,privacy,0.400000,dataThroughTtp-compressed,0.097616
20000,privacy,0.400000,dataThroughTtp,0.096681
20000,privacy,0.450000,computeToData-cached,0.903999
20000,privacy,0.450000,dataThroughTtp-cached,0.848682
20000,privacy,0.450000,computeToData-compressed,0.278539
20000,privacy,0.450000,computeToData,0.263024
20000,privacy,0.450000,dataThroughTtp-compressed,0.097161
20000,privacy,0.450000,dataThroughTtp,0.096235
20000,privacy,0.500000,computeToData-cached,0.904640
20000,privacy,0.500000,dataThroughTtp-cached,0.821210
20000,privacy,0.500000,computeToData-compressed,0.294902
20000,privacy,0.500000,computeToData,0.280452
20000,privacy,0.500000,dataThroughTtp-compressed,0.096503
20000,privacy,0.500000,dataThroughTtp,0.095590
20000,privacy,0.550000,computeToData-cached,0.905572
20000,privacy,0.550000,dataThroughTtp-cached,0.789935
20000,privacy,0.550000,computeToData-compressed,0.316071
20000,privacy,0.550000,computeToData,0.302772
20000,privacy,0.550000,dataThroughTtp-compressed,0.095547
20000,privacy,0.550000,dataThroughTtp,0.094652
20000,privacy,0.600000,computeToData-cached,0.906947
20000,privacy,0.600000,dataThroughTtp-cached,0.754020
20000,privacy,0.600000,computeToData-compressed,0.343081
20000,privacy,0.600000,computeToData,0.330960
20000,privacy,0.600000,dataThroughTtp-compressed,0.094137
20000,privacy,0.600000,dataThroughTtp,0.093268
20000,privacy,0.650000,computeToData-cached,0.909004
20000,privacy,0.650000,dataThroughTtp-cached,0.712364
20000,privacy,0.650000,computeToData-compressed,0.377127
20000,privacy,0.650000,computeToData,0.366157
20000,privacy,0.650000,dataThroughTtp-compressed,0.092028
20000,privacy,0.650000,dataThroughTtp,0.091198
20000,privacy,0.700000,computeToData-cached,0.912137
20000,privacy,0.700000,dataThroughTtp-cached,0.663479
20000,privacy,0.700000,computeToData-compressed,0.419623
20000,privacy,0.700000,computeToData,0.409734
20000,privacy,0.700000,dataThroughTtp-compressed,0.088821
20000,privacy,0.700000,dataThroughTtp,0.088047
20000,privacy,0.750000,computeToData-cached,0.916979
20000,privacy,0.750000,dataThroughTtp-cached,0.605315
20000,privacy,0.750000,computeToData-compressed,0.472294
20000,privacy,0.750000,computeToData,0.463401
20000,privacy,0.750000,dataThroughTtp-compressed,0.083874
20000,privacy,0.750000,dataThroughTtp,0.083180
20000,privacy,0.800000,computeToData-cached,0.924513
20000,privacy,0.800000,computeToData-compressed,0.537336
20000,privacy,0.800000,dataThroughTtp-cached,0.534961
20000,privacy,0.800000,computeToData,0.529392
20000,privacy,0.800000,dataThroughTtp-compressed,0.076194
20000,privacy,0.800000,dataThroughTtp,0.075612
20000,privacy,0.850000,computeToData-cached,0.936077
20000,privacy,0.850000,computeToData-compressed,0.617658
20000,privacy,0.850000,computeToData,0.610727
20000,privacy,0.850000,dataThroughTtp-cached,0.448144
20000,privacy,0.850000,dataThroughTtp-compressed,0.064445
20000,privacy,0.850000,dataThroughTtp,0.064006
20000,privacy,0.900000,computeToData-cached,0.952937
20000,privacy,0.900000,computeToData-compressed,0.717266
20000,privacy,0.900000,computeToData,0.711643
20000,privacy,0.900000,dataThroughTtp-cached,0.338326
20000,privacy,0.900000,dataThroughTtp-compressed,0.047384
20000,privacy,0.900000,dataThroughTtp,0.047105
20000,privacy,0.950000,computeToData-cached,0.975072
20000,privacy,0.950000,computeToData-compressed,0.841882
20000,privacy,0.950000,computeToData,0.838298
20000,privacy,0.950000,dataThroughTtp-cached,0.194982
20000,privacy,0.950000,dataThroughTtp-compressed,0.025072
20000,privacy,0.950000,dataThroughTtp,0.024943
20000,privacy,1.000000,computeToData,1.000000
20000,privacy,1.000000,computeToData-cached,1.000000
20000,privacy,1.000000,computeToData-compressed,1.000000
20000,privacy,1.000000,dataThroughTtp,0.000000
20000,privacy,1.000000,dataThroughTtp-cached,0.000000
20000,privacy,1.000000,dataThroughTtp-compressed,0.000000
30000,energy,0.000000,dataThroughTtp-cached,0.926903
30000,energy,0.000000,computeToData-cached,0.896835
30000,energy,0.000000,computeToData-compressed,0.323163
30000,energy,0.000000,computeToData,0.307554
30000,energy,0.000000,dataThroughTtp-compressed,0.106125
30000,energy,0.000000,dataThroughTtp,0.103165
30000,energy,0.050000,dataThroughTtp-cached,0.927782
30000,energy,0.050000,computeToData-cached,0.898091
30000,energy,0.050000,computeToData-compressed,0.320801
30000,energy,0.050000,computeToData,0.304835
30000,energy,0.050000,dataThroughTtp-compressed,0.104789
30000,energy,0.050000,dataThroughTtp,0.101920
30000,energy,0.100000,dataThroughTtp-cached,0.930573
30000,energy,0.100000,computeToData-cached,0.902090
30000,energy,0.100000,computeToData-compressed,0.313481
30000,energy,0.100000,computeToData,0.296403
30000,energy,0.100000,dataThroughTtp-compressed,0.100547
30000,energy,0.100000,dataThroughTtp,0.097951
30000,energy,0.150000,dataThroughTtp-cached,0.935168
30000,energy,0.150000,computeToData-cached,0.908704
30000,energy,0.150000,computeToData-compressed,0.302038
30000,energy,0.150000,computeToData,0.283198
30000,energy,0.150000,dataThroughTtp-compressed,0.093569
30000,energy,0.150000,dataThroughTtp,0.091380
30000,energy,0.200000,dataThroughTtp-cached,0.941027
30000,energy,0.200000,computeToData-cached,0.917208
30000,energy,0.200000,computeToData-compressed,0.288494
30000,energy,0.200000,computeToData,0.267504
30000,energy,0.200000,dataThroughTtp-compressed,0.084658
30000,energy,0.200000,dataThroughTtp,0.082922
30000,energy,0.250000,dataThroughTtp-cached,0.947432
30000,energy,0.250000,computeToData-cached,0.926610
30000,energy,0.250000,computeToData-compressed,0.275009
30000,energy,0.250000,computeToData,0.251759
30000,energy,0.250000,dataThroughTtp-compressed,0.074878
30000,energy,0.250000,dataThroughTtp,0.073558
30000,energy,0.300000,dataThroughTtp-cached,0.953756
30000,energy,0.300000,computeToData-cached,0.936038
30000,energy,0.300000,computeToData-compressed,0.263045
30000,energy,0.300000,computeToData,0.237648
30000,energy,0.300000,dataThroughTtp-compressed,0.065134
30000,energy,0.300000,dataThroughTtp,0.064158
30000,energy,0.350000,dataThroughTtp-cached,0.959597
30000,energy,0.350000,computeToData-cached,0.944923
30000,energy,0.350000,computeToData-compressed,0.253210
30000,energy,0.350000,computeToData,0.225914
30000,energy,0.350000,dataThroughTtp-compressed,0.056001
30000,energy,0.350000,dataThroughTtp,0.055293
30000,energy,0.400000,dataThroughTtp-cached,0.964762
30000,energy,0.400000,computeToData-cached,0.952988
30000,energy,0.400000,computeToData-compressed,0.245519
30000,energy,0.400000,computeToData,0.216629
30000,energy,0.400000,dataThroughTtp-compressed,0.047746
30000,energy,0.400000,dataThroughTtp,0.047245
30000,energy,0.450000,dataThroughTtp-cached,0.969200
30000,energy,0.450000,computeToData-cached,0.960155
30000,energy,0.450000,computeToData-compressed,0.239691
30000,energy,0.450000,computeToData,0.209518
30000,energy,0.450000,dataThroughTtp-compressed,0.040434
30000,energy,0.450000,dataThroughTtp,0.040094
30000,energy,0.500000,dataThroughTtp-cached,0.972934
30000,energy,0.500000,computeToData-cached,0.966456
30000,energy,0.500000,computeToData-compressed,0.235362
30000,energy,0.500000,computeToData,0.204189
30000,energy,0.500000,dataThroughTtp-compressed,0.034019
30000,energy,0.500000,dataThroughTtp,0.033813
30000,energy,0.550000,dataThroughTtp-cached,0.976021
30000,energy,0.550000,computeToData-cached,0.971973
30000,energy,0.550000,computeToData-compressed,0.232189
30000,energy,0.550000,computeToData,0.200254
30000,energy,0.550000,dataThroughTtp-compressed,0.028412
30000,energy,0.550000,dataThroughTtp,0.028323
30000,energy,0.600000,dataThroughTtp-cached,0.978528
30000,energy,0.600000,computeToData-cached,0.976804
30000,energy,0.600000,computeToData-compressed,0.229888
30000,energy,0.600000,computeToData,0.197384
30000,energy,0.600000,dataThroughTtp,0.023529
30000,energy,0.600000,dataThroughTtp-compressed,0.023508
30000,energy,0.650000,computeToData-cached,0.981042
30000,energy,0.650000,dataThroughTtp-cached,0.980525
30000,energy,0.650000,computeToData-compressed,0.228234
30000,energy,0.650000,computeToData,0.195312
30000,energy,0.650000,dataThroughTtp,0.019342
30000,energy,0.650000,dataThroughTtp-compressed,0.019209
30000,energy,0.700000,computeToData-cached,0.984775
30000,energy,0.700000,dataThroughTtp-cached,0.982075
30000,energy,0.700000,computeToData-compressed,0.227060
30000,energy,0.700000,computeToData,0.193836
30000,energy,0.700000,dataThroughTtp,0.015682
30000,energy,0.700000,dataThroughTtp-compressed,0.015425
30000,energy,0.750000,computeToData-cached,0.988076
30000,energy,0.750000,dataThroughTtp-cached,0.983242
30000,energy,0.750000,computeToData-compressed,0.226241
30000,energy,0.750000,computeToData,0.192804
30000,energy,0.750000,dataThroughTtp,0.012486
30000,energy,0.750000,dataThroughTtp-compressed,0.012079
30000,energy,0.800000,computeToData-cached,0.991009
30000,energy,0.800000,dataThroughTtp-cached,0.984085
30000,energy,0.800000,computeToData-compressed,0.225683
30000,energy,0.800000,computeToData,0.192100
30000,energy,0.800000,dataThroughTtp,0.009711
30000,energy,0.800000,dataThroughTtp-compressed,0.009108
30000,energy,0.850000,computeToData-cached,0.993627
30000,energy,0.850000,dataThroughTtp-cached,0.984659
30000,energy,0.850000,computeToData-compressed,0.225320
30000,energy,0.850000,computeToData,0.191641
30000,energy,0.850000,dataThroughTtp,0.007344
30000,energy,0.850000,dataThroughTtp-compressed,0.006456
30000,energy,0.900000,computeToData-cached,0.995974
30000,energy,0.900000,dataThroughTtp-cached,0.985016
30000,energy,0.900000,computeToData-compressed,0.225101
30000,energy,0.900000,computeToData,0.191364
30000,energy,0.900000,dataThroughTtp,0.005428
30000,energy,0.900000,dataThroughTtp-compressed,0.004078
30000,energy,0.950000,computeToData-cached,0.998088
30000,energy,0.950000,dataThroughTtp-cached,0.985202
30000,energy,0.950000,computeToData-compressed,0.224989
30000,energy,0.950000,computeToData,0.191222
30000,energy,0.950000,dataThroughTtp,0.004110
30000,energy,0.950000,dataThroughTtp-compressed,0.001937
30000,energy,1.000000,computeToData-cached,1.000000
30000,energy,1.000000,dataThroughTtp-cached,0.985256
30000,energy,1.000000,computeToData-compressed,0.224957
30000,energy,1.000000,computeToData,0.191181
30000,energy,1.000000,dataThroughTtp,0.003639
30000,energy,1.000000,dataThroughTtp-compressed,0.000000
30000,latency,0.000000,dataThroughTtp-cached,0.930284
30000,latency,0.000000,computeToData-cached,0.901773
30000,latency,0.000000,computeToData-compressed,0.232004
30000,latency,0.000000,computeToData,0.200421
30000,latency,0.000000,dataThroughTtp,0.098598
30000,latency,0.000000,dataThroughTtp-compressed,0.098227
30000,latency,0.050000,dataThroughTtp-cached,0.930962
30000,latency,0.050000,computeToData-cached,0.902743
30000,latency,0.050000,computeToData-compressed,0.234097
30000,latency,0.050000,computeToData,0.202995
30000,latency,0.050000,dataThroughTtp,0.097618
30000,latency,0.050000,dataThroughTtp-compressed,0.097321
30000,latency,0.100000,dataThroughTtp-cached,0.933151
30000,latency,0.100000,computeToData-cached,0.905877
30000,latency,0.100000,computeToData-compressed,0.240595
30000,latency,0.100000,computeToData,0.210924
30000,latency,0.100000,dataThroughTtp,0.094452
30000,latency,0.100000,dataThroughTtp-compressed,0.094389
30000,latency,0.150000,dataThroughTtp-cached,0.936863
30000,latency,0.150000,computeToData-cached,0.911217
30000,latency,0.150000,computeToData-compressed,0.250785
30000,latency,0.150000,computeToData,0.223192
30000,latency,0.150000,dataThroughTtp-compressed,0.089379
30000,latency,0.150000,dataThroughTtp,0.089062
30000,latency,0.200000,dataThroughTtp-cached,0.941795
30000,latency,0.200000,computeToData-cached,0.918361
30000,latency,0.200000,computeToData-compressed,0.262897
30000,latency,0.200000,computeToData,0.237562
30000,latency,0.200000,dataThroughTtp-compressed,0.082656
30000,latency,0.200000,dataThroughTtp,0.081861
30000,latency,0.250000,dataThroughTtp-cached,0.947432
30000,latency,0.250000,computeToData-cached,0.926610
30000,latency,0.250000,computeToData-compressed,0.275009
30000,latency,0.250000,computeToData,0.251759
30000,latency,0.250000,dataThroughTtp-compressed,0.074878
30000,latency,0.250000,dataThroughTtp,0.073558
30000,latency,0.300000,dataThroughTtp-cached,0.953241
30000,latency,0.300000,computeToData-cached,0.935227
30000,latency,0.300000,computeToData-compressed,0.285791
30000,latency,0.300000,computeToData,0.264290
30000,latency,0.300000,dataThroughTtp-compressed,0.066754
30000,latency,0.300000,dataThroughTtp,0.064895
30000,latency,0.350000,dataThroughTtp-cached,0.958812
30000,latency,0.350000,computeToData-cached,0.943640
30000,latency,0.350000,computeToData-compressed,0.294668
30000,latency,0.350000,computeToData,0.274551
30000,latency,0.350000,dataThroughTtp-compressed,0.058860
30000,latency,0.350000,dataThroughTtp,0.056448
30000,latency,0.400000,dataThroughTtp-cached,0.963894
30000,latency,0.400000,computeToData-cached,0.951494
30000,latency,0.400000,computeToData-compressed,0.301613
30000,latency,0.400000,computeToData,0.282553
30000,latency,0.400000,dataThroughTtp-compressed,0.051561
30000,latency,0.400000,dataThroughTtp,0.048568
30000,latency,0.450000,dataThroughTtp-cached,0.968374
30000,latency,0.450000,computeToData-cached,0.958629
30000,latency,0.450000,computeToData-compressed,0.306874
30000,latency,0.450000,computeToData,0.288604
30000,latency,0.450000,dataThroughTtp-compressed,0.045043
30000,latency,0.450000,dataThroughTtp,0.041416
30000,latency,0.500000,dataThroughTtp-cached,0.972225
30000,latency,0.500000,computeToData-cached,0.965006
30000,latency,0.500000,computeToData-compressed,0.310777
30000,latency,0.500000,computeToData,0.293089
30000,latency,0.500000,dataThroughTtp-compressed,0.039365
30000,latency,0.500000,dataThroughTtp,0.035027
30000,latency,0.550000,dataThroughTtp-cached,0.975466
30000,latency,0.550000,computeToData-cached,0.970658
30000,latency,0.550000,computeToData-compressed,0.313635
30000,latency,0.550000,computeToData,0.296372
30000,latency,0.550000,dataThroughTtp-compressed,0.034517
30000,latency,0.550000,dataThroughTtp,0.029366
30000,latency,0.600000,dataThroughTtp-cached,0.978142
30000,latency,0.600000,computeToData-cached,0.975651
30000,latency,0.600000,computeToData-compressed,0.315706
30000,latency,0.600000,computeToData,0.298750
30000,latency,0.600000,dataThroughTtp-compressed,0.030455
30000,latency,0.600000,dataThroughTtp,0.024366
30000,latency,0.650000,dataThroughTtp-cached,0.980304
30000,latency,0.650000,computeToData-cached,0.980062
30000,latency,0.650000,computeToData-compressed,0.317193
30000,latency,0.650000,computeToData,0.300457
30000,latency,0.650000,dataThroughTtp-compressed,0.027119
30000,latency,0.650000,dataThroughTtp,0.019951
30000,latency,0.700000,computeToData-cached,0.983965
30000,latency,0.700000,dataThroughTtp-cached,0.982006
30000,latency,0.700000,computeToData-compressed,0.318249
30000,latency,0.700000,computeToData,0.301669
30000,latency,0.700000,dataThroughTtp-compressed,0.024448
30000,latency,0.700000,dataThroughTtp,0.016045
30000,latency,0.750000,computeToData-cached,0.987429
30000,latency,0.750000,dataThroughTtp-cached,0.983302
30000,latency,0.750000,computeToData-compressed,0.318985
30000,latency,0.750000,computeToData,0.302514
30000,latency,0.750000,dataThroughTtp-compressed,0.022379
30000,latency,0.750000,dataThroughTtp,0.012579
30000,latency,0.800000,computeToData-cached,0.990514
30000,latency,0.800000,dataThroughTtp-cached,0.984248
30000,latency,0.800000,computeToData-compressed,0.319486
30000,latency,0.800000,computeToData,0.303089
30000,latency,0.800000,dataThroughTtp-compressed,0.020845
30000,latency,0.800000,dataThroughTtp,0.009492
30000,latency,0.850000,computeToData-cached,0.993272
30000,latency,0.850000,dataThroughTtp-cached,0.984898
30000,latency,0.850000,computeToData-compressed,0.319812
30000,latency,0.850000,computeToData,0.303463
30000,latency,0.850000,dataThroughTtp-compressed,0.019777
30000,latency,0.850000,dataThroughTtp,0.006732
30000,latency,0.900000,computeToData-cached,0.995748
30000,latency,0.900000,dataThroughTtp-cached,0.985304
30000,latency,0.900000,computeToData-compressed,0.320009
30000,latency,0.900000,computeToData,0.303689
30000,latency,0.900000,dataThroughTtp-compressed,0.019102
30000,latency,0.900000,dataThroughTtp,0.004254
30000,latency,0.950000,computeToData-cached,0.997980
30000,latency,0.950000,dataThroughTtp-cached,0.985516
30000,latency,0.950000,computeToData-compressed,0.320109
30000,latency,0.950000,computeToData,0.303804
30000,latency,0.950000,dataThroughTtp-compressed,0.018747
30000,latency,0.950000,dataThroughTtp,0.002021
30000,latency,1.000000,computeToData-cached,1.000000
30000,latency,1.000000,dataThroughTtp-cached,0.985579
30000,latency,1.000000,computeToData-compressed,0.320138
30000,latency,1.000000,computeToData,0.303838
30000,latency,1.000000,dataThroughTtp-compressed,0.018643
30000,latency,1.000000,dataThroughTtp,0.000000
30000,cost,0.000000,computeToData-cached,1.000000
30000,cost,0.000000,dataThroughTtp-cached,0.947271
30000,cost,0.000000,computeToData-compressed,0.276176
30000,cost,0.000000,computeToData,0.252787
30000,cost,0.000000,dataThroughTtp-compressed,0.012747
30000,cost,0.000000,dataThroughTtp,0.002637
30000,cost,0.050000,computeToData-cached,0.987649
30000,cost,0.050000,dataThroughTtp-cached,0.947275
30000,cost,0.050000,computeToData-compressed,0.276146
30000,cost,0.050000,computeToData,0.252761
30000,cost,0.050000,dataThroughTtp-compressed,0.017732
30000,cost,0.050000,dataThroughTtp,0.012644
30000,cost,0.100000,computeToData-cached,0.974278
30000,cost,0.100000,dataThroughTtp-cached,0.947289
30000,cost,0.100000,computeToData-compressed,0.276045
30000,cost,0.100000,computeToData,0.252672
30000,cost,0.100000,dataThroughTtp-compressed,0.028748
30000,cost,0.100000,dataThroughTtp,0.025895
30000,cost,0.150000,computeToData-cached,0.959756
30000,cost,0.150000,dataThroughTtp-cached,0.947316
30000,cost,0.150000,computeToData-compressed,0.275847
30000,cost,0.150000,computeToData,0.252498
30000,cost,0.150000,dataThroughTtp-compressed,0.042354
30000,cost,0.150000,dataThroughTtp,0.040394
30000,cost,0.200000,dataThroughTtp-cached,0.947361
30000,cost,0.200000,computeToData-cached,0.943929
30000,cost,0.200000,computeToData-compressed,0.275517
30000,cost,0.200000,computeToData,0.252207
30000,cost,0.200000,dataThroughTtp-compressed,0.057760
30000,cost,0.200000,dataThroughTtp,0.056225
30000,cost,0.250000,dataThroughTtp-cached,0.947432
30000,cost,0.250000,computeToData-cached,0.926610
30000,cost,0.250000,computeToData-compressed,0.275009
30000,cost,0.250000,computeToData,0.251759
30000,cost,0.250000,dataThroughTtp-compressed,0.074878
30000,cost,0.250000,dataThroughTtp,0.073558
30000,cost,0.300000,dataThroughTtp-cached,0.947536
30000,cost,0.300000,computeToData-cached,0.907579
30000,cost,0.300000,computeToData-compressed,0.274257
30000,cost,0.300000,computeToData,0.251096
30000,cost,0.300000,dataThroughTtp-compressed,0.093824
30000,cost,0.300000,dataThroughTtp,0.092610
30000,cost,0.350000,dataThroughTtp-cached,0.947688
30000,cost,0.350000,computeToData-cached,0.886569
30000,cost,0.350000,computeToData-compressed,0.273167
30000,cost,0.350000,computeToData,0.250134
30000,cost,0.350000,dataThroughTtp-compressed,0.114822
30000,cost,0.350000,dataThroughTtp,0.113645
30000,cost,0.400000,dataThroughTtp-cached,0.947906
30000,cost,0.400000,computeToData-cached,0.863255
30000,cost,0.400000,computeToData-compressed,0.271608
30000,cost,0.400000,computeToData,0.248757
30000,cost,0.400000,dataThroughTtp-compressed,0.138172
30000,cost,0.400000,dataThroughTtp,0.136987
30000,cost,0.450000,dataThroughTtp-cached,0.948219
30000,cost,0.450000,computeToData-cached,0.837235
30000,cost,0.450000,computeToData-compressed,0.269390
30000,cost,0.450000,computeToData,0.246797
30000,cost,0.450000,dataThroughTtp-compressed,0.164261
30000,cost,0.450000,dataThroughTtp,0.163038
30000,cost,0.500000,dataThroughTtp-cached,0.948668
30000,cost,0.500000,computeToData-cached,0.808010
30000,cost,0.500000,computeToData-compressed,0.266240
30000,cost,0.500000,computeToData,0.244008
30000,cost,0.500000,dataThroughTtp-compressed,0.193582
30000,cost,0.500000,dataThroughTtp,0.192297
30000,cost,0.550000,dataThroughTtp-cached,0.949318
30000,cost,0.550000,computeToData-cached,0.774947
30000,cost,0.550000,computeToData-compressed,0.261756
30000,cost,0.550000,computeToData,0.240029
30000,cost,0.550000,dataThroughTtp-compressed,0.226758
30000,cost,0.550000,dataThroughTtp,0.225394
30000,cost,0.600000,dataThroughTtp-cached,0.950266
30000,cost,0.600000,computeToData-cached,0.737238
30000,cost,0.600000,dataThroughTtp-compressed,0.264592
30000,cost,0.600000,dataThroughTtp,0.263138
30000,cost,0.600000,computeToData-compressed,0.255354
30000,cost,0.600000,computeToData,0.234333
30000,cost,0.650000,dataThroughTtp-cached,0.951664
30000,cost,0.650000,computeToData-cached,0.693831
30000,cost,0.650000,dataThroughTtp-compressed,0.308127
30000,cost,0.650000,dataThroughTtp,0.306580
30000,cost,0.650000,computeToData-compressed,0.246193
30000,cost,0.650000,computeToData,0.226148
30000,cost,0.700000,dataThroughTtp-cached,0.953746
30000,cost,0.700000,computeToData-cached,0.643326
30000,cost,0.700000,dataThroughTtp-compressed,0.358752
30000,cost,0.700000,dataThroughTtp,0.357115
30000,cost,0.700000,computeToData-compressed,0.233094
30000,cost,0.700000,computeToData,0.214384
30000,cost,0.750000,dataThroughTtp-cached,0.956865
30000,cost,0.750000,computeToData-cached,0.583830
30000,cost,0.750000,dataThroughTtp-compressed,0.418344
30000,cost,0.750000,dataThroughTtp,0.416637
30000,cost,0.750000,computeToData-compressed,0.214513
30000,cost,0.750000,computeToData,0.197585
30000,cost,0.800000,dataThroughTtp-cached,0.961503
30000,cost,0.800000,computeToData-cached,0.512706
30000,cost,0.800000,dataThroughTtp-compressed,0.489511
30000,cost,0.800000,dataThroughTtp,0.487773
30000,cost,0.800000,computeToData-compressed,0.188662
30000,cost,0.800000,computeToData,0.174034
30000,cost,0.850000,dataThroughTtp-cached,0.968200
30000,cost,0.850000,dataThroughTtp-compressed,0.575981
30000,cost,0.850000,dataThroughTtp,0.574293
30000,cost,0.850000,computeToData-cached,0.426176
30000,cost,0.850000,computeToData-compressed,0.153953
30000,cost,0.850000,computeToData,0.142169
30000,cost,0.900000,dataThroughTtp-cached,0.977260
30000,cost,0.900000,dataThroughTtp-compressed,0.683282
30000,cost,0.900000,dataThroughTtp,0.681790
30000,cost,0.900000,computeToData-cached,0.318626
30000,cost,0.900000,computeToData-compressed,0.109807
30000,cost,0.900000,computeToData,0.101399
30000,cost,0.950000,dataThroughTtp-cached,0.988284
30000,cost,0.950000,dataThroughTtp-compressed,0.819963
30000,cost,0.950000,dataThroughTtp,0.818946
30000,cost,0.950000,computeToData-cached,0.181338
30000,cost,0.950000,computeToData-compressed,0.057451
30000,cost,0.950000,computeToData,0.052957
30000,cost,1.000000,dataThroughTtp,1.000000
30000,cost,1.000000,dataThroughTtp-cached,1.000000
30000,cost,1.000000,dataThroughTtp-compressed,1.000000
30000,cost,1.000000,computeToData,0.000000
30000,cost,1.000000,computeToData-cached,0.000000
30000,cost,1.000000,computeToData-compressed,0.000000
30000,privacy,0.000000,dataThroughTtp-cached,0.985454
30000,privacy,0.000000,computeToData-cached,0.926515
30000,privacy,0.000000,computeToData-compressed,0.271382
30000,privacy,0.000000,computeToData,0.247686
30000,privacy,0.000000,dataThroughTtp-compressed,0.074976
30000,privacy,0.000000,dataThroughTtp,0.073654
30000,privacy,0.050000,dataThroughTtp-cached,0.983278
30000,privacy,0.050000,computeToData-cached,0.926517
30000,privacy,0.050000,computeToData-compressed,0.271473
30000,privacy,0.050000,computeToData,0.247789
30000,privacy,0.050000,dataThroughTtp-compressed,0.074974
30000,privacy,0.050000,dataThroughTtp,0.073651
30000,privacy,0.100000,dataThroughTtp-cached,0.977378
30000,privacy,0.100000,computeToData-cached,0.926525
30000,privacy,0.100000,computeToData-compressed,0.271790
30000,privacy,0.100000,computeToData,0.248145
30000,privacy,0.100000,dataThroughTtp-compressed,0.074965
30000,privacy,0.100000,dataThroughTtp,0.073643
30000,privacy,0.150000,dataThroughTtp-cached,0.969056
30000,privacy,0.150000,computeToData-cached,0.926541
30000,privacy,0.150000,computeToData-compressed,0.272409
30000,privacy,0.150000,computeToData,0.248841
30000,privacy,0.150000,dataThroughTtp-compressed,0.074948
30000,privacy,0.150000,dataThroughTtp,0.073627
30000,privacy,0.200000,dataThroughTtp-cached,0.959008
30000,privacy,0.200000,computeToData-cached,0.926568
30000,privacy,0.200000,computeToData-compressed,0.273435
30000,privacy,0.200000,computeToData,0.249993
30000,privacy,0.200000,dataThroughTtp-compressed,0.074921
30000,privacy,0.200000,dataThroughTtp,0.073600
30000,privacy,0.250000,dataThroughTtp-cached,0.947432
30000,privacy,0.250000,computeToData-cached,0.926610
30000,privacy,0.250000,computeToData-compressed,0.275009
30000,privacy,0.250000,computeToData,0.251759
30000,privacy,0.250000,dataThroughTtp-compressed,0.074878
30000,privacy,0.250000,dataThroughTtp,0.073558
30000,privacy,0.300000,dataThroughTtp-cached,0.934288
30000,privacy,0.300000,computeToData-cached,0.926672
30000,privacy,0.300000,computeToData-compressed,0.277324
30000,privacy,0.300000,computeToData,0.254350
30000,privacy,0.300000,dataThroughTtp-compressed,0.074813
30000,privacy,0.300000,dataThroughTtp,0.073496
30000,privacy,0.350000,computeToData-cached,0.926762
30000,privacy,0.350000,dataThroughTtp-cached,0.919412
30000,privacy,0.350000,computeToData-compressed,0.280641
30000,privacy,0.350000,computeToData,0.258050
30000,privacy,0.350000,dataThroughTtp-compressed,0.074720
30000,privacy,0.350000,dataThroughTtp,0.073405
30000,privacy,0.400000,computeToData-cached,0.926892
30000,privacy,0.400000,dataThroughTtp-cached,0.902539
30000,privacy,0.400000,computeToData-compressed,0.285317
30000,privacy,0.400000,computeToData,0.263243
30000,privacy,0.400000,dataThroughTtp-compressed,0.074584
30000,privacy,0.400000,dataThroughTtp,0.073274
30000,privacy,0.450000,computeToData-cached,0.927081
30000,privacy,0.450000,dataThroughTtp-cached,0.883306
30000,privacy,0.450000,computeToData-compressed,0.291838
30000,privacy,0.450000,computeToData,0.270445
30000,privacy,0.450000,dataThroughTtp-compressed,0.074389
30000,privacy,0.450000,dataThroughTtp,0.073084
30000,privacy,0.500000,computeToData-cached,0.927356
30000,privacy,0.500000,dataThroughTtp-cached,0.861226
30000,privacy,0.500000,computeToData-compressed,0.300865
30000,privacy,0.500000,computeToData,0.280344
30000,privacy,0.500000,dataThroughTtp-compressed,0.074104
30000,privacy,0.500000,dataThroughTtp,0.072807
30000,privacy,0.550000,computeToData-cached,0.927761
30000,privacy,0.550000,dataThroughTtp-cached,0.835653
30000,privacy,0.550000,computeToData-compressed,0.313291
30000,privacy,0.550000,computeToData,0.293849
30000,privacy,0.550000,dataThroughTtp-compressed,0.073684
30000,privacy,0.550000,dataThroughTtp,0.072400
30000,privacy,0.600000,computeToData-cached,0.928368
30000,privacy,0.600000,dataThroughTtp-cached,0.805712
30000,privacy,0.600000,computeToData-compressed,0.330310
30000,privacy,0.600000,computeToData,0.312155
30000,privacy,0.600000,dataThroughTtp-compressed,0.073056
30000,privacy,0.600000,dataThroughTtp,0.071790
30000,privacy,0.650000,computeToData-cached,0.929298
30000,privacy,0.650000,dataThroughTtp-cached,0.770204
30000,privacy,0.650000,computeToData-compressed,0.353502
30000,privacy,0.650000,computeToData,0.336813
30000,privacy,0.650000,dataThroughTtp-compressed,0.072093
30000,privacy,0.650000,dataThroughTtp,0.070854
30000,privacy,0.700000,computeToData-cached,0.930768
30000,privacy,0.700000,dataThroughTtp-cached,0.727436
30000,privacy,0.700000,computeToData-compressed,0.384942
30000,privacy,0.700000,computeToData,0.369841
30000,privacy,0.700000,dataThroughTtp-compressed,0.070573
30000,privacy,0.700000,dataThroughTtp,0.069377
30000,privacy,0.750000,computeToData-cached,0.933169
30000,privacy,0.750000,dataThroughTtp-cached,0.674947
30000,privacy,0.750000,computeToData-compressed,0.427350
30000,privacy,0.750000,computeToData,0.413876
30000,privacy,0.750000,dataThroughTtp-compressed,0.068093
30000,privacy,0.750000,dataThroughTtp,0.066964
30000,privacy,0.800000,computeToData-cached,0.937233
30000,privacy,0.800000,dataThroughTtp-cached,0.609014
30000,privacy,0.800000,computeToData-compressed,0.484334
30000,privacy,0.800000,computeToData,0.472465
30000,privacy,0.800000,dataThroughTtp-compressed,0.063903
30000,privacy,0.800000,dataThroughTtp,0.062880
30000,privacy,0.850000,computeToData-cached,0.944300
30000,privacy,0.850000,computeToData-compressed,0.560829
30000,privacy,0.850000,computeToData,0.550564
30000,privacy,0.850000,dataThroughTtp-cached,0.523731
30000,privacy,0.850000,dataThroughTtp-compressed,0.056641
30000,privacy,0.850000,dataThroughTtp,0.055785
30000,privacy,0.900000,computeToData-cached,0.956477
30000,privacy,0.900000,computeToData-compressed,0.663917
30000,privacy,0.900000,computeToData,0.655496
30000,privacy,0.900000,dataThroughTtp-cached,0.409133
30000,privacy,0.900000,dataThroughTtp-compressed,0.044184
30000,privacy,0.900000,dataThroughTtp,0.043572
30000,privacy,0.950000,computeToData-cached,0.975632
30000,privacy,0.950000,computeToData-compressed,0.804401
30000,privacy,0.950000,computeToData,0.798791
30000,privacy,0.950000,dataThroughTtp-cached,0.246991
30000,privacy,0.950000,dataThroughTtp-compressed,0.024697
30000,privacy,0.950000,dataThroughTtp,0.024386
30000,privacy,1.000000,computeToData,1.000000
30000,privacy,1.000000,computeToData-cached,1.000000
30000,privacy,1.000000,computeToData-compressed,1.000000
30000,privacy,1.000000,dataThroughTtp,0.000000
30000,privacy,1.000000,dataThroughTtp-cached,0.000000
30000,privacy,1.000000,dataThroughTtp-compressed,0.000000
